Source,Firm,URL,Telephone Number,Address Line 1,City,Postal Code,Country
https://www.financedirectory.net.au,AMP Bank Ltd,https://www.amp.com.au,1300 157 820,"Level 4, 2-12 Macquarie St",New South Wales,2000,Australia
https://www.financedirectory.net.au,Heritage Bank,https://www.heritage.com.au,13 14 22,400 Ruthven St,Queensland,4350,Australia
https://www.financedirectory.net.au,Gateway Credit Union Ltd,https://www.gatewaycu.com.au/,1300 302 474,2 Market Street,New South Wales,2000,Australia
https://www.financedirectory.net.au,Goldfields Money Limited,https://www.goldfieldsmoney.com.au/,08 9438 8888,118 Royal Street,Western Australia,6004,Australia
https://www.financedirectory.net.au,Goulburn Murray Credit Union Co-operative Limited,https://www.gmcu.com.au,(03) 5821 9033,91-95 Fryers Street,Victoria,3630,Australia
https://www.financedirectory.net.au,Heritage Isle Credit Union Limited,https://www.heritageisle.com.au,(03) 6334 9411,69 St John Street,Tasmania,7250,Australia
https://www.financedirectory.net.au,Holiday Coast Credit Union Ltd,https://www.hccu.com.au/,(02) 6580 8222,1 Commerce Street,New South Wales,2446,Australia
https://www.financedirectory.net.au,Horizon Credit Union Ltd (Horizon Bank),https://horizonbank.com.au/,1300 366 565,27 Stewart Street,New South Wales,2500,Australia
https://www.financedirectory.net.au,Hunter United Employees' Credit Union Limited,https://www.imb.com.au/?ref=hunterunited,(02) 4941 3826,130 Lambton Rd,Victoria,2292,Australia
https://www.financedirectory.net.au,Intech Credit Union Limited,https://www.intechcu.com.au,1300 363 007,599 Pacific Hwy,New South Wales,2065,Australia
https://www.financedirectory.net.au,Laboratories Credit Union Limited,https://www.lcu.com.au,(02) 9859 0585,3 Julius Avenue,New South Wales,2113,Australia
https://www.financedirectory.net.au,Lysaght Credit Union Ltd,https://horizonbank.com.au/,(02) 4226 5900,13 Auburn Street,New South Wales,2500,Australia
https://www.financedirectory.net.au,Hume Bank,https://www.humebank.com.au,1300 004 863,492 Olive Street,New South Wales,2640,Australia
https://www.financedirectory.net.au,MacArthur Credit Union Ltd,https://www.themaccu.com.au,1300 622 278,52 Argyle Street,New South Wales,2570,Australia
https://www.financedirectory.net.au,Macquarie Credit Union Limited,https://www.macquariecu.com.au,1300 885 480,165 Brisbane Street,New South Wales,2830,Australia
https://www.financedirectory.net.au,"Maritime, Mining & Power Credit Union Limited",https://www.mmpcu.com.au,1300 36 2000,217 Clarence Street,New South Wales,2000,Australia
https://www.financedirectory.net.au,My Credit Union Limited,https://www.mycreditunion.com.au/,1300 655 116,11-21 Underwood Road,New South Wales,2140,Australia
https://www.financedirectory.net.au,Northern Inland Credit Union Limited,https://www.nicu.com.au/,1300 65 65 81,481 Peel Street,New South Wales,2340,Australia
https://www.financedirectory.net.au,McKinley Plowman,https://www.mckinleyplowman.com.au/,(08) 9301 2200,"Level 2, 5 Davidson Terrace",Western Australia,6027,Australia
https://www.financedirectory.net.au,Nova Credit Union Limited,https://novaalliancebank.com.au/,(02) 4926 1428,3/71 King Street,New South Wales,2300,Australia
https://www.financedirectory.net.au,Orange Credit Union Limited,https://www.orangecu.com.au,(02) 6362 4466,288 Summer Street,New South Wales,2800,Australia
https://www.financedirectory.net.au,Police Credit Union Limited,https://www.policecu.com.au,1300 131 844,17 Carrington St,South Australia,5000,Australia
https://www.financedirectory.net.au,Pulse Credit Union Limited,https://www.tmbl.com.au/divisions,(03) 9347 9588,766 Elizabeth Street,Victoria,3000,Australia
https://www.financedirectory.net.au,BankMecu,https://bankaust.com.au/,132 888,222 High Street,Victoria,3101,Australia
https://www.financedirectory.net.au,Qudos Mutual Ltd,https://www.qudosbank.com.au,1300 747 747,191 O�Riordan St,New South Wales,2020,Australia
https://www.financedirectory.net.au,Queensland Country Credit Union Limited,https://www.queenslandcountry.bank/,1800 075 078,333 Ross River Road,Queensland,4814,Australia
https://www.financedirectory.net.au,Queensland Police Credit Union,https://www.qbank.com.au,+61 7 3008 4444,231 North Quay,Queensland,4000,Australia
https://www.financedirectory.net.au,Queenslanders Credit Union Limited,https://www.queenslanders.com.au/,1800 753 377,127 George Street,Queensland,4000,Australia
https://www.financedirectory.net.au,Railways Credit Union Limited,https://movebank.com.au/,1300 362 216,Brisbane Central Station Concourse,Queensland,4001,Australia
https://www.financedirectory.net.au,Service One Credit Union Limited,https://www.serviceone.com.au/,1300 361 761,75 Denison Street,Australian Capital Territory,2600,Australia
https://www.financedirectory.net.au,South West Slopes Credit Union Ltd,https://www.swscu.com.au,(02) 6384 1111,89 Boorowa Street,New South Wales,2594,Australia
https://www.financedirectory.net.au,Southern Cross Credit Union Ltd,https://www.sccu.com.au,02 6672 2744,2-4 Commercial Road,New South Wales,2484,Australia
https://www.financedirectory.net.au,South-West Credit Union Co-Operative Limited,https://www.swcredit.com.au,(03) 5560 3900,117 Lava Street,Victoria,3280,Australia
https://www.financedirectory.net.au,Macquarie Bank,https://www.macquarie.com/uk/en.html,+61 2 8232 3333,50 Martin Place,New South Wales,2000,Australia
https://www.financedirectory.net.au,Summerland Credit Union Limited,https://www.summerland.com.au/,1300 802 222,101 Molesworth St,New South Wales,2480,Australia
https://www.financedirectory.net.au,Sutherland Credit Union Ltd,https://shirecu.com.au/cgi-sys/defaultwebpage.cgi,1300 784 388,670 Princes Highway,New South Wales,2232,Australia
https://www.financedirectory.net.au,Sydney Credit Union Ltd,https://www.scu.net.au,13 61 91,19 Second Avenue,New South Wales,2184,Australia
https://www.financedirectory.net.au,The Broken Hill Community Credit Union Ltd,https://mybhccu.com.au/,(08) 8088 2199,2 Chloride St,New South Wales,2880,Australia
https://www.financedirectory.net.au,The Capricornian Ltd,https://www.capricornian.com.au/,07 4931 4900,"Stockland Rockhampton,Yaamba Road",Queensland,4700,Australia
https://www.financedirectory.net.au,Traditional Credit Union Limited,https://tcu.com.au/,08 89990777,9 Rowling Street,Northern Territory,810,Australia
https://www.financedirectory.net.au,Transport Mutual Credit Union Limited,https://www.transportmutual.com.au,(02) 8202 8555,KMS Building 8-24 Kippax Street,New South Wales,2010,Australia
https://www.financedirectory.net.au,Warwick Credit Union Ltd,https://www.wcu.com.au/,1300 72 44 33,101 Palmerin Street,Queensland,4370,Australia
https://www.financedirectory.net.au,WAW Credit Union Co-Operative Limited,https://www.bankwaw.com.au/,1300 368 555,11 Stanley St,Victoria,3690,Australia
https://www.financedirectory.net.au,Woolworths Employees' Credit Union Limited,https://woolworthsteambank.com.au/,1300 665 553,1 Woolworths Way,New South Wales,2153,Australia
https://www.financedirectory.net.au,ME Bank,https://www.mebank.com.au/,13 15 63,"Level 28, 360 Elizabeth Street",Victoria,3000,Australia
https://www.financedirectory.net.au,Mortgage Choice Limited,https://www.mortgagechoice.com.au,+61 2 8907 0444,100 Pacific Highway,New South Wales,2060,Australia
https://www.financedirectory.net.au,Core Mortgage Brokers Pty Ltd,https://www.corebrokers.com.au/,( 02) 8324 2333,822 Anzac Parade,New South Wales,2035,Australia
https://www.financedirectory.net.au,Mortgage Broker Melbourne,https://mortgagebrokermelbourne.net.au/,1800 111 626,9/440 Collins Street,Victoria,3000,Australia
https://www.financedirectory.net.au,Zar Mortgage Brokers,https://zar.com.au/,1800 180 927,825 Zillmere Rd,Queensland,4034,Australia
https://www.financedirectory.net.au,The Perth Mortgage Specialist,https://www.perthmortgagespecialist.com.au,0405 751 160,1321 Hay Street,Western Australia,6005,Australia
https://www.financedirectory.net.au,Top Mortgages,https://topmortgages.com.au/,1300 308 225,939 Wanneroo Road,Western Australia,6065,Australia
https://www.financedirectory.net.au,SMBIA,https://smbia.com.au/,1300-668-361,81 The Parade,South Australia,5067,Australia
https://www.financedirectory.net.au,Funding Options,https://fundingoptions.com.au/,08 8366 0822,21 the Parade,South Australia,5067,Australia
https://www.financedirectory.net.au,Ocean Home Loans Pty Ltd,https://www.oceanhomeloans.com.au/,(07) 5593 1420,21 Port Jackson Blvd,Queensland,4226,Australia
https://www.financedirectory.net.au,MyState Bank,https://mystate.com.au:443/,138 001,144 Collins Street,Tasmania,7000,Australia
https://www.financedirectory.net.au,Aussie,https://www.aussie.com.au,07 5524 4571,3/71-73 Wharf Street,New South Wales,2485,Australia
https://www.financedirectory.net.au,Margaret Godfrey,https://www.mortgagechoice.com.au/margaret.godfrey/,02 4965 5865,665b Glebe Road,New South Wales,2289,Australia
https://www.financedirectory.net.au,DPF Mortgage Specialists,http://www.mortgagebrokergoldcoast.com,07 5527 4744,18 Ferry Street,Queensland,4211,Australia
https://www.financedirectory.net.au,Mortgage Masters,https://www.mortgagemasters.com.au/,0437 135 763,108A George Street,New South Wales,2323,Australia
https://www.financedirectory.net.au,Trilogy Funding,https://www.trilogyfunding.com.au,1300 657 132,70 Kent Street,Australian Capital Territory,2600,Australia
https://www.financedirectory.net.au,Central Coast Home Loans,https://centralcoasthomeloans.com.au/,(02) 4367 2770,1/202 The Entrance Road,New South Wales,2250,Australia
https://www.financedirectory.net.au,Illawarra Mortgage Brokers,https://www.illawarramortgage.com.au/,02 4283 5626,253 Princes Highway,New South Wales,2518,Australia
https://www.financedirectory.net.au,Mortgage Loans Australia Pty Ltd,http://www.mortgageloansaustralia.com.au/,07 5493 8622,2 Innovation Parkway,Queensland,4575,Australia
https://www.financedirectory.net.au,Mortgage Success Pty Ltd,https://www.mortgagesuccess.com.au/,(02) 4222 2222,62 Flinders Street,New South Wales,2500,Australia
https://www.financedirectory.net.au,Tassie Home Loans Pty Ltd,https://tassiehomeloans.com.au/,03 6221 5600,108-110 Collins Street,Tasmania,7000,Australia
https://www.financedirectory.net.au,National Australia Bank,https://www.nab.com.au/,1800 060 172,800 Bourke Street,Victoria,3008,Australia
https://www.financedirectory.net.au,Geelong Loans Pty Ltd,http://www.geelongloans.com.au/,(03) 5229 8505,36a Slevin Street,Victoria,3219,Australia
https://www.financedirectory.net.au,Geelong Financial Group,https://www.geelongfinancial.com.au/,03 5229 2048,259 LaTrobe Terrace,Victoria,3220,Australia
https://www.financedirectory.net.au,Townsville Mortgage Brokers,http://townsvillemortgagebrokers.com.au,0400 650 813,18 Stokes Street,Queensland,4810,Australia
https://www.financedirectory.net.au,Green Light Home Loans,https://greenlightonline.com.au/,07 4723 6612,23 Thuringowa Drive,Queensland,4817,Australia
https://www.financedirectory.net.au,Able Finance,https://ablefinance.net.au/,(08) 8981 9188,18 Bishop Street,Northern Territory,820,Australia
https://www.financedirectory.net.au,Jeff Pinkerton Finance,https://www.jeffpinkertonfinance.com/,(08) 8981 0800,6 Knight Street,Northern Territory,820,Australia
https://www.financedirectory.net.au,Astute Financial,https://www.cairnshomeloans.com.au/,07 4041 3100,136 Mulgrave Road,Queensland,4870,Australia
https://www.financedirectory.net.au,Smarter Mortgage Solutions,https://www.smartermortgage.com.au/,740414733,221 Lyons Street,Queensland,4870,Australia
https://www.financedirectory.net.au,Ballarat Lending Centre,http://www.ballaratlendingcentre.com.au/,(03) 5333 5980,18 Doveton Street,Victoria,3350,Australia
https://www.financedirectory.net.au,Toowoomba Home Loans,https://thlfinancepartners.com.au,1300 308 105,Hume Street,Queensland,4350,Australia
https://www.financedirectory.net.au,Police Bank Australia,https://www.policebank.com.au/,131 728,25 Pelican Street,New South Wales,2010,Australia
https://www.financedirectory.net.au,The Broker Team,https://thebrokerteam.com.au/,03 4433 1090,75 High Street,Victoria,3555,Australia
https://www.financedirectory.net.au,Gadsden Finance,https://www.gadsdenfinance.com.au/,03 5443 9098,5 Wills Street,Victoria,3550,Australia
https://www.financedirectory.net.au,intouch Finance,http://www.intouchfinance.com.au,02 6021 1320,2/611 Dean Street,New South Wales,2640,Australia
https://www.financedirectory.net.au,Finance Brokers of Tasmania Pty Ltd,https://fbt.com.au/,(03) 6334 0883,"York House, 25 York Street",Tasmania,7250,Australia
https://www.financedirectory.net.au,MRM Mortgage Brokers,https://mrmbrokers.com.au/,0497 070 464,552a Stanley Street,New South Wales,2640,Australia
https://www.financedirectory.net.au,DLV Finance,https://dlv.com.au/,(07) 4922 9233,155 East Street,Queensland,4700,Australia
https://www.financedirectory.net.au,Esdale Sinclair & Associates,https://www.esdalesinclair.com.au/,07 4922 7221,184 Musgrave Street,Queensland,4701,Australia
https://www.financedirectory.net.au,Lifestyle Mortgage Finance,https://www.lifestylemortgagefinance.com.au/,07 4152 5888,82 Bourbong Street,Queensland,4670,Australia
https://www.financedirectory.net.au,Imagine Home Loans,https://imaginehomeloans.com.au/,0411 692 443,PO Box 138,Queensland,4738,Australia
https://www.financedirectory.net.au,Mortgage Broker Coffs Harbour,https://mortgagebrokercoffsharbour.com/,(02) 6638 9415,,New South Wales,2459,Australia
https://www.financedirectory.net.au,BankVic,https://www.bankvic.com.au/,13 63 73,121 Cardigan Street,Victoria,3053,Australia
https://www.financedirectory.net.au,Regional Finance Solutions,https://www.regfin.com.au/,1800 734 346,Orlando Street,New South Wales,2450,Australia
https://www.financedirectory.net.au,Yellow Brick Road Finance Pty Ltd,https://ybr.com.au/,03 8640 0611,51 Palmerston Street,Victoria,3337,Australia
https://www.financedirectory.net.au,eChoice Home Loans Pty Ltd,https://www.echoice.com.au/,1300 302 914,4 Paloma Pl,Victoria,3337,Australia
https://www.financedirectory.net.au,Janette Tucker Finance Plus,,02 6926 6669,19 Tinga Cres,New South Wales,2650,Australia
https://www.financedirectory.net.au,Multi-Choice Home Loans,https://www.multichoice.com.au,07 4194 2955,3/107 Boat Harbour Dr,Queensland,4655,Australia
https://www.financedirectory.net.au,Mildura Finance Ltd,https://mildurafinance.com.au/,03 5051 0400,158-164 Langtree Avenue,Victoria,3500,Australia
https://www.financedirectory.net.au,Sunraysia Home loans,https://www.sunraysiahomeloans.com.au/,(03) 50 222 923,128 Lime Ave,Victoria,3500,Australia
https://www.financedirectory.net.au,SBG Accountants & Business Advisors,https://www.sbgaccountants.com.au/,(03) 9629 6744,8 Market Street,Victoria,3000,Australia
https://www.financedirectory.net.au,P&N Bank,https://www.pnbank.com.au/,132577,130 Stirling Street,Western Australia,6000,Australia
https://www.financedirectory.net.au,Proactive Accountant,https://www.proactiveaccountant.com.au/,(03) 9761 0035,254 Dorset Road,Victoria,3155,Australia
https://www.financedirectory.net.au,ANZ Banking Group Limited,https://www.anz.com.au/personal/,13 13 14,10/833 Collins St,Victoria,3000,Australia
https://www.financedirectory.net.au,QT Mutual Bank,,132930,454 St Paul's Terrace,Queensland,4006,Australia
https://www.financedirectory.net.au,Perks Integrated Business Services,https://www.perks.com.au/,08 8273 9300,180 Greenhill Road,South Australia,5063,Australia
https://www.financedirectory.net.au,Fusion Accounting Solutions Pty Ltd,https://fusionsolutions.com.au/,755233004,1/43 Greenway Drive,New South Wales,2486,Australia
https://www.financedirectory.net.au,Oculus Financial Services Group,https://www.oculusgroup.com.au/,(07) 5536 3755,39 Wharf Street,New South Wales,2485,Australia
https://www.financedirectory.net.au,Forsythes Business & Financial Advisors,https://maximadvisors.com.au/,(02) 4926 2699,"Watt Street Commercial Centre, 45 Watt Street",New South Wales,2300,Australia
https://www.financedirectory.net.au,Rural Bank,https://www.ruralbank.com.au,1300 660 115,77 Grenfell Street,South Australia,5000,Australia
https://www.financedirectory.net.au,Maitland Accountancy Services Pty Limited,,(02) 4933 4607,110 High Street,New South Wales,2230,Australia
https://www.financedirectory.net.au,Nexia Australia,https://www.nexia.com.au/,+61 2 6279 5400,St George Centre 60 Marcus Clarke Street,Australian Capital Territory,2601,Australia
https://www.financedirectory.net.au,G&C Mutual Bank,https://www.gcmutual.bank/,1300 364 400,201 Elizabeth Street,New South Wales,2000,Australia
https://www.financedirectory.net.au,Victoria Teachers Mutual Bank,,1300 654 822,117 Camberwell Road,Victoria,3123,Australia
https://www.financedirectory.net.au,The Carey Group,https://careygroup.com.au/,07 4760 5900,141 Sturt Street,Queensland,4810,Australia
https://www.financedirectory.net.au,Aussie Sunshine,https://www.aussie.com.au/find-store/vic/sunshine.html,393647780,Shop 44 Sunshine Plaza,Victoria,3020,Australia
https://www.financedirectory.net.au,Westpac Bank,https://www.westpac.com.au/,132 032,150 Collins St,Victoria,3000,Australia
https://www.financedirectory.net.au,Neu.Capital,https://www.neu.capital/,1300517040,155 Clarence St,New South Wales,2000,Australia
https://www.financedirectory.net.au,Brisbane Home Loans,https://brisbanehomeloan.com.au/,1300 730 997,Suite 13/357 Gympie Road,Queensland,4500,Australia
https://www.financedirectory.net.au,Arab Bank Australia Limited,https://www.arabbank.com.au,02 9377 8900,"Level 7, 20 Bridge Street",New South Wales,2000,Australia
https://www.financedirectory.net.au,Online Cash Flow Loans,http://onlinecashflowloans.com.au/,1300375892,1 Farrer Place,New South Wales,2000,Australia
https://www.financedirectory.net.au,Flex Insurance,https://www.flexinsurance.com.au,1300 201 021,101 Miller St,New South Wales,2060,Australia
https://www.financedirectory.net.au,Bank of China (Australia) Limited,https://www.bankofchina.com/au/en/index.html,02 8235 5888,39-41 York Street,New South Wales,2000,Australia
https://www.financedirectory.net.au,Bank of Sydney Ltd,https://www.banksyd.com.au/,02 8262 9000,219-223 Castlereagh St,New South Wales,2000,Australia
https://www.financedirectory.net.au,Citigroup Pty Limited,,(02) 8225 1000,2 Park Street,New South Wales,2000,Australia
https://www.financedirectory.net.au,HSBC Bank Australia Limited,https://www.hsbc.com.au/,1300 308 008,580 George Street,New South Wales,2000,Australia
https://www.financedirectory.net.au,Auswide Bank Ltd,https://www.auswidebank.com.au,1300 138 831,16�20 Barolin St,Queensland,4670,Australia
https://www.financedirectory.net.au,ING Bank Australia,https://www.ing.com.au/,133 464,140 Sussex Street,New South Wales,2000,Australia
https://www.financedirectory.net.au,Rabobank Australia Limited,https://www.rabobank.com.au/,(02) 8115 4000,201 Sussex Street,New South Wales,2000,Australia
https://www.financedirectory.net.au,Agricultural Bank of China Limited,https://www.abchina.com/cn/,(02) 8227 8888,2 Chifley Square,New South Wales,2000,Australia
https://www.financedirectory.net.au,"Bank of Communications Co., Ltd (Australia)",,+61(2) 8029 8888,363 George Street,New South Wales,2000,Australia
https://www.financedirectory.net.au,BNP Paribas Australia,https://apac.bnpparibas/en/australia-new-zealand/,+612 9216 8633,60 Castlereagh Street,New South Wales,2000,Australia
https://www.financedirectory.net.au,BNP Paribas Securities Services,,+612 9216 8633,60 Castlereagh Street,New South Wales,2000,Australia
https://www.financedirectory.net.au,China Construction Bank Corporation,http://au.ccb.com/sydney/en/cpfw.html,(61) 2 8031 6100,88 Phillip Street,New South Wales,2000,Australia
https://www.financedirectory.net.au,Citibank Australia,https://www.citibank.com.au/portal/citiau_home.htm,132484,455 George Street,New South Wales,2000,Australia
https://www.financedirectory.net.au,Credit Suisse AG,https://www.credit-suisse.com/au/en.html,(02) 8205 4400,31/1 Macquarie Pl,New South Wales,2000,Australia
https://www.financedirectory.net.au,Bank of Queensland Limited,https://www.boq.com.au/,1300 55 72 72,259 Queen St,Queensland,4000,Australia
https://www.financedirectory.net.au,Deutsche Bank Aktiengesellschaft,https://country.db.com/australia/,+61 2 8258 1234,Level 16 Deutsche Bank Place,New South Wales,2000,Australia
https://www.financedirectory.net.au,Bank of New York Mellon,https://www.bnymellon.com/,+61 3 9640 3900,"Level 5, 350 Collins Street",Victoria,3000,Australia
https://www.financedirectory.net.au,"The Bank of Tokyo-Mitsubishi UFJ, Ltd",https://www.bk.mufg.jp/global/globalnetwork/asiaoceania/,,"600 Bourke Street,",Victoria,3000,Australia
https://www.financedirectory.net.au,HSBC,,+61 2 9006 5888,"Level 32, 580 George Street",New South Wales,2000,Australia
https://www.financedirectory.net.au,Barry Lynam Home Loans and Financial Services,https://lynamhomeloans.com.au/,748402769,22 Old Shoal Point Rd,Queensland,4750,Australia
https://www.financedirectory.net.au,The Northern Trust Company,https://locations.northerntrust.com/search,+61 (3) 9947 9300,80 Collins Street,Victoria,3000,Australia
https://www.financedirectory.net.au,ING Direct,,133 464,140 Sussex Street,New South Wales,2000,Australia
https://www.financedirectory.net.au,JP Morgan Chase Bank,https://www.jpmorgan.com/AU/en/about-us,(02) 9003 8888,85 Castlereagh St,New South Wales,2000,Australia
https://www.financedirectory.net.au,Amani Finance,http://www.amanifinance.com.au,1300 363 342,1 Hobsons Gate,Western Australia,6028,Australia
https://www.financedirectory.net.au,Nixon Finance Pty Ltd,https://www.nixonfinance.com.au/,(03) 9435 2600,406 Queens Parade,Victoria,3068,Australia
https://www.financedirectory.net.au,Bendigo and Adelaide Bank Limited,https://www.bendigoadelaide.com.au,1300 361 911,The Bendigo Centre,Victoria,3550,Australia
https://www.financedirectory.net.au,Australian Mortgage Options,https://www.amo.com.au,1300 266 266,5 Lime Street,New South Wales,2000,Australia
https://www.financedirectory.net.au,North Brisbane Home Loans,https://www.northbrisbanehomeloans.com.au/,(07) 3889 9719,25 Ferguson Street,Queensland,4035,Australia
https://www.financedirectory.net.au,Korea Exchange Bank Co Ltd,,(02) 92316333,2 Chifley Square,New South Wales,2000,Australia
https://www.financedirectory.net.au,Provincial Home Loans,http://www.provincialhomeloans.com.au/,(02) 6299 5465,42 Barracks Flat Drive,New South Wales,2620,Australia
https://www.financedirectory.net.au,Easy Plan Financial Services,https://easyplan.com.au/,1800 888 845,39 Montague Street,New South Wales,2500,Australia
https://www.financedirectory.net.au,ABR Finance,https://abrfinance.com.au/,1300 400 770,24-26 Halifax Street,South Australia,5000,Australia
https://www.financedirectory.net.au,Mizuho Bank Ltd,https://www.mizuhogroup.com/bank,61-2-8273-3888,60 Margaret Street,New South Wales,2000,Australia
https://www.financedirectory.net.au,Overseas Chinese Banking Corporation Limited,https://www.ocbc.com/business-banking/international,(02) 9235 2022,75 Castlereagh Street,New South Wales,2000,Australia
https://www.financedirectory.net.au,Royal Bank of Scotland N.V | Australia,,(02) 8259 5000,88 Phillip Street,New South Wales,2000,Australia
https://www.financedirectory.net.au,BOQ Specialist Bank Limited,https://www.boqspecialist.com.au/,1300 131 141,2 Chifley Square,New South Wales,2000,Australia
https://www.financedirectory.net.au,SJ Financial Services,https://www.sjfinancialservices.com.au/,(02) 4965 3100,94 Belford Street,New South Wales,2292,Australia
https://www.financedirectory.net.au,The Royal Bank of Scotland plc,,(02) 8259 5000,88 Phillip Street,New South Wales,2000,Australia
https://www.financedirectory.net.au,UBS AG,https://www.ubs.com/au/en.html,(02) 9324 3400,2 Chifley Square,New South Wales,2000,Australia
https://www.financedirectory.net.au,United Overseas Bank Limited,https://www.uobgroup.com/,(02) 9221 1924,9/32-36 Martin Pl,New South Wales,2000,Australia
https://www.financedirectory.net.au,Woori Bank,https://go.wooribank.com,(02) 8222 2200,363 George St,New South Wales,2000,Australia
https://www.financedirectory.net.au,Portigon AG,,(02) 9777 9900,7 Macquarie Place,New South Wales,2000,Australia
https://www.financedirectory.net.au,Royal Bank of Canada,https://www.rbc.com/international.html,(02) 9033 3000,2 Park St,New South Wales,2000,Australia
https://www.financedirectory.net.au,Standard Chartered Bank,https://www.sc.com/au/,(02) 9232 9333,345 George St,New South Wales,2000,Australia
https://www.financedirectory.net.au,State Bank Of India,https://www.sbisyd.com.au/,(02) 9241 5643,264 George St,New South Wales,2000,Australia
https://www.financedirectory.net.au,Industrial and Commercial Bank of China Limited (ICBC),http://www.icbc.com.cn/icbc/,(02) 9475 5588,220 George St,New South Wales,2000,Australia
https://www.financedirectory.net.au,Commonwealth Bank of Australia,https://www.commbank.com.au/,(61 2) 9378 2000,201 Sussex Street.,New South Wales,2000,Australia
https://www.financedirectory.net.au,State Street Bank and Trust Company,https://www.statestreet.com/about/office-locations/australia.html,+61 2 8249 1100,420 George Street,New South Wales,2000,Australia
https://www.financedirectory.net.au,Sumitomo Mitsui Banking Corporation,https://www.smbc.co.jp/global/,,2 Chifley Square,New South Wales,2000,Australia
https://www.financedirectory.net.au,Taiwan Business Bank,,(02) 9262 3356,363 George St,New South Wales,2000,Australia
https://www.financedirectory.net.au,"Taiwan Cooperative Bank, Ltd",,(02) 9299-0068,50 Carrington Street,New South Wales,2000,Australia
https://www.financedirectory.net.au,Bank of America National Association,https://business.bofa.com/content/boaml/en_us/contactus.html,,1 Farrer Pl,New South Wales,2000,Australia
https://www.financedirectory.net.au,First Commercial Bank,,(07) 3211 1001,199 George St,Queensland,4000,Australia
https://www.financedirectory.net.au,Circle Credit Co-operative Limited,https://www.circle.com.au/,1300 553 582,6 Tilburn Rd,Victoria,3023,Australia
https://www.financedirectory.net.au,Central West Credit Union Limited,https://www.cwcu.com.au/home,(02) 6862 2788,269 Clartinda Street,New South Wales,2870,Australia
https://www.financedirectory.net.au,CAPE Credit Union Limited,,1300 330 056,28-32 The Kingsway,New South Wales,2230,Australia
https://www.financedirectory.net.au,Beyond Bank Australia,https://www.beyondbank.com.au/personal-banking.html,13 25 85,44 Waymouth Street,South Australia,5000,Australia
https://www.financedirectory.net.au,Berrima District Credit Union,https://www.bdcualliancebank.com.au/,(02) 4860 4000,411 Bong Bong Street,New South Wales,2576,Australia
https://www.financedirectory.net.au,Coastline Credit Union Limited,,1300 36 1066,64 Elbow Street,New South Wales,2440,Australia
https://www.financedirectory.net.au,Collie Miners Credit Union Ltd,https://www.unitybank.com.au/,,217 Clarence Street,New South Wales,2000,Australia
https://www.financedirectory.net.au,Community Alliance Credit Union,,02 42 521 200,38-40 Young Street,New South Wales,2500,Australia
https://www.financedirectory.net.au,Community First Credit Union Limited,https://communityfirst.com.au/,(02) 9735 1783,"Shop P003, Podium Level",New South Wales,2200,Australia
https://www.financedirectory.net.au,Community Mutual Ltd,https://www.regionalaustraliabank.com.au/,132067,Cnr Rusden & Dangar Streets,New South Wales,2350,Australia
https://www.financedirectory.net.au,Credit Union Australia Ltd,https://www.greatsouthernbank.com.au,(020 9246 2140,83 York St,New South Wales,2000,Australia
https://www.financedirectory.net.au,Clever Fitness Finance,,03 62484504,"B6, 66 Kennedy Drive",Tasmania,7170,Australia
https://www.financedirectory.net.au,Credit Union SA Ltd,https://www.creditunionsa.com.au,1800018227,400 King William Street,South Australia,5000,Australia
https://www.financedirectory.net.au,Defence Bank Limited,https://www.defencebank.com.au/,1800 033 139,"Level 5, 31 Queen St",Victoria,3000,Australia
https://www.financedirectory.net.au,Dnister Credit Union,https://www.dnister.com.au/,1800 353 041,912 Mt. Alexander Road,Victoria,3040,Australia
https://www.financedirectory.net.au,EECU Limited,,1300 65 3328,"12 Riverside Quay, Southbank Vic",Victoria,3006,Australia
https://www.financedirectory.net.au,Select Encompass Credit Union Ltd,https://www.secul.com.au/,1300 13 14 20,59 Buckingham Street,New South Wales,2010,Australia
https://www.financedirectory.net.au,Family First Credit Union Limited,https://familyfirst.com.au/,1300369900,1 Ordnance Ave,New South Wales,2790,Australia
https://www.financedirectory.net.au,Fire Brigades Employees' Credit Union Limited,https://www.fmbank.com.au/,02 9267 3098,1 Oxford Street,New South Wales,2010,Australia
https://www.financedirectory.net.au,Fire Service Credit Union Limited,https://www.fscu.com.au,08 8227 2222,22 Chancery Lane,South Australia,5000,Australia
https://www.financedirectory.net.au,Firefighters & Affiliates Credit Co-operative Limited,,1300 366 350,408 Brunswick Street,Victoria,3065,Australia
https://www.financedirectory.net.au,First Choice Credit Union Ltd,https://www.firstchoicecu.com.au,(02) 6362 2944,2/18 Sale Street,New South Wales,2800,Australia
https://www.financedirectory.net.au,First Option Credit Union Limited,https://www.firstoptionbank.com.au/,1300 855 675,409 St Kilda Road,Victoria,3006,Australia
https://www.financedirectory.net.au,Ford Co-operative Credit Society Limited,https://geelongbank.com.au/,1300 361 555,107 Gheringhap Street,Victoria,3220,Australia
